﻿data,filename
http://fllrdsk.com/fll-sw/login.jsp?tNumber=1801,QRCode-Team-1801.png
http://fllrdsk.com/fll-sw/login.jsp?tNumber=1802,QRCode-Team-1802.png
http://fllrdsk.com/fll-sw/login.jsp?tNumber=1803,QRCode-Team-1803.png
http://fllrdsk.com/fll-sw/login.jsp?tNumber=1804,QRCode-Team-1804.png
http://fllrdsk.com/fll-sw/login.jsp?tNumber=1805,QRCode-Team-1805.png
http://fllrdsk.com/fll-sw/login.jsp?tNumber=1806,QRCode-Team-1806.png
http://fllrdsk.com/fll-sw/login.jsp?tNumber=1807,QRCode-Team-1807.png
http://fllrdsk.com/fll-sw/login.jsp?tNumber=1808,QRCode-Team-1808.png
http://fllrdsk.com/fll-sw/login.jsp?tNumber=1809,QRCode-Team-1809.png
http://fllrdsk.com/fll-sw/login.jsp?tNumber=1810,QRCode-Team-1810.png
http://fllrdsk.com/fll-sw/login.jsp?tNumber=1811,QRCode-Team-1811.png
http://fllrdsk.com/fll-sw/login.jsp?tNumber=1812,QRCode-Team-1812.png
http://fllrdsk.com/fll-sw/login.jsp?tNumber=1813,QRCode-Team-1813.png
http://fllrdsk.com/fll-sw/login.jsp?tNumber=1814,QRCode-Team-1814.png
http://fllrdsk.com/fll-sw/login.jsp?tNumber=1815,QRCode-Team-1815.png
http://fllrdsk.com/fll-sw/login.jsp?tNumber=1816,QRCode-Team-1816.png
http://fllrdsk.com/fll-sw/login.jsp?tNumber=1817,QRCode-Team-1817.png
http://fllrdsk.com/fll-sw/login.jsp?tNumber=1818,QRCode-Team-1818.png
http://fllrdsk.com/fll-sw/login.jsp?tNumber=1819,QRCode-Team-1819.png
http://fllrdsk.com/fll-sw/login.jsp?tNumber=1820,QRCode-Team-1820.png
http://fllrdsk.com/fll-sw/login.jsp?tNumber=1821,QRCode-Team-1821.png
http://fllrdsk.com/fll-sw/login.jsp?tNumber=1822,QRCode-Team-1822.png
http://fllrdsk.com/fll-sw/login.jsp?tNumber=1823,QRCode-Team-1823.png
http://fllrdsk.com/fll-sw/login.jsp?tNumber=1824,QRCode-Team-1824.png
http://fllrdsk.com/fll-sw/login.jsp?tNumber=1825,QRCode-Team-1825.png
http://fllrdsk.com/fll-sw/login.jsp?tNumber=1826,QRCode-Team-1826.png
http://fllrdsk.com/fll-sw/login.jsp?tNumber=1827,QRCode-Team-1827.png
http://fllrdsk.com/fll-sw/login.jsp?tNumber=1828,QRCode-Team-1828.png
http://fllrdsk.com/fll-sw/login.jsp?tNumber=1829,QRCode-Team-1829.png
http://fllrdsk.com/fll-sw/login.jsp?tNumber=1830,QRCode-Team-1830.png
http://fllrdsk.com/fll-sw/login.jsp?tNumber=1831,QRCode-Team-1831.png
http://fllrdsk.com/fll-sw/login.jsp?tNumber=1832,QRCode-Team-1832.png
http://fllrdsk.com/fll-sw/login.jsp?tNumber=1833,QRCode-Team-1833.png
http://fllrdsk.com/fll-sw/login.jsp?tNumber=1834,QRCode-Team-1834.png
http://fllrdsk.com/fll-sw/login.jsp?tNumber=1835,QRCode-Team-1835.png
http://fllrdsk.com/fll-sw/login.jsp?tNumber=1836,QRCode-Team-1836.png
http://fllrdsk.com/fll-sw/login.jsp?tNumber=1837,QRCode-Team-1837.png
http://fllrdsk.com/fll-sw/login.jsp?tNumber=1838,QRCode-Team-1838.png
http://fllrdsk.com/fll-sw/login.jsp?tNumber=1839,QRCode-Team-1839.png
http://fllrdsk.com/fll-sw/login.jsp?tNumber=1840,QRCode-Team-1840.png
http://fllrdsk.com/fll-sw/login.jsp?tNumber=1841,QRCode-Team-1841.png
http://fllrdsk.com/fll-sw/login.jsp?tNumber=1842,QRCode-Team-1842.png
http://fllrdsk.com/fll-sw/login.jsp?tNumber=1843,QRCode-Team-1843.png
http://fllrdsk.com/fll-sw/login.jsp?tNumber=1844,QRCode-Team-1844.png
http://fllrdsk.com/fll-sw/login.jsp?tNumber=1845,QRCode-Team-1845.png
http://fllrdsk.com/fll-sw/login.jsp?tNumber=1846,QRCode-Team-1846.png
http://fllrdsk.com/fll-sw/login.jsp?tNumber=1847,QRCode-Team-1847.png
http://fllrdsk.com/fll-sw/login.jsp?tNumber=1848,QRCode-Team-1848.png
http://fllrdsk.com/fll-sw/login.jsp?tNumber=1849,QRCode-Team-1849.png
http://fllrdsk.com/fll-sw/login.jsp?tNumber=1850,QRCode-Team-1850.png
http://fllrdsk.com/fll-sw/login.jsp?tNumber=1851,QRCode-Team-1851.png
http://fllrdsk.com/fll-sw/login.jsp?tNumber=1852,QRCode-Team-1852.png
http://fllrdsk.com/fll-sw/login.jsp?tNumber=1853,QRCode-Team-1853.png
http://fllrdsk.com/fll-sw/login.jsp?tNumber=1854,QRCode-Team-1854.png
http://fllrdsk.com/fll-sw/login.jsp?tNumber=1855,QRCode-Team-1855.png
http://fllrdsk.com/fll-sw/login.jsp?tNumber=1856,QRCode-Team-1856.png
http://fllrdsk.com/fll-sw/login.jsp?tNumber=1857,QRCode-Team-1857.png
http://fllrdsk.com/fll-sw/login.jsp?tNumber=1858,QRCode-Team-1858.png
http://fllrdsk.com/fll-sw/login.jsp?tNumber=1859,QRCode-Team-1859.png
http://fllrdsk.com/fll-sw/login.jsp?tNumber=1860,QRCode-Team-1860.png
http://fllrdsk.com/fll-sw/login.jsp?tNumber=1861,QRCode-Team-1861.png
http://fllrdsk.com/fll-sw/login.jsp?tNumber=1862,QRCode-Team-1862.png
http://fllrdsk.com/fll-sw/login.jsp?tNumber=1863,QRCode-Team-1863.png
http://fllrdsk.com/fll-sw/login.jsp?tNumber=1864,QRCode-Team-1864.png